sesc,link,title
,http://www.jobbole.com,首页
,http://top.jobbole.com,资讯
,http://blog.jobbole.com,文章
,,
,http://design.jobbole.com,设计频道
,http://web.jobbole.com,Web前端
,http://python.jobbole.com,Python开发
,http://www.importnew.com/?utm_source=home-top-nav,Java技术
,http://android.jobbole.com,Android应用
,http://ios.jobbole.com,iOS应用
,http://hao.jobbole.com,资源
,http://group.jobbole.com,小组
,http://date.jobbole.com, 相亲
,,
,http://www.jobbole.com,首页
,http://top.jobbole.com,头条
,http://blog.jobbole.com,文章
,http://group.jobbole.com,小组
,http://date.jobbole.com,相亲 
,http://hao.jobbole.com,资源
,http://design.jobbole.com,设计
,http://web.jobbole.com,前端
,http://python.jobbole.com,Python
,http://www.importnew.com/,Java
,http://android.jobbole.com,安卓
,http://ios.jobbole.com,iOS
,http://www.jobbole.com/login?redirect=http%3A%2F%2Fgroup.jobbole.com%2F16718%2F, 登录
,http://www.jobbole.com/register, 注册
,http://blog.jobbole.com/87622/,
,http://group.jobbole.com,小组首页
,, 发帖
,, 建小组
,http://group.jobbole.com/author/,我的主题帖
,,
,,
,,
,,
,,
,,
,,
,,
,,
,,
,,
,,
,,
,,
